Date,Day of Week
2016-07-30,Saturday
2016-07-31,Sunday
2016-08-01,Monday
2016-08-02,Tuesday
2016-08-03,Wednesday
2016-08-04,Thursday
2016-08-05,Friday
2016-08-06,Saturday
2016-08-07,Sunday
2016-08-08,Monday
2016-08-09,Tuesday
2016-08-10,Wednesday
2016-08-11,Thursday
2016-08-12,Friday
2016-08-13,Saturday
2016-08-14,Sunday
2016-08-15,Monday
2016-08-16,Tuesday
2016-08-17,Wednesday
2016-08-18,Thursday
2016-08-19,Friday
2016-08-20,Saturday
2016-08-21,Sunday
2016-08-22,Monday
2016-08-23,Tuesday
2016-08-24,Wednesday
2016-08-25,Thursday
2016-08-26,Friday
2016-08-27,Saturday
2016-08-28,Sunday
2016-08-29,Monday
2016-08-30,Tuesday
2016-08-31,Wednesday
2016-09-01,Thursday
2016-09-02,Friday
2016-09-03,Saturday
2016-09-04,Sunday
2016-09-05,Monday
2016-09-06,Tuesday
2016-09-07,Wednesday
2016-09-08,Thursday
2016-09-09,Friday
2016-09-10,Saturday
2016-09-11,Sunday
2016-09-12,Monday
2016-09-13,Tuesday
2016-09-14,Wednesday
2016-09-15,Thursday
2016-09-16,Friday
2016-09-17,Saturday
2016-09-18,Sunday
2016-09-19,Monday
2016-09-20,Tuesday
2016-09-21,Wednesday
2016-09-22,Thursday
2016-09-23,Friday
2016-09-24,Saturday
2016-09-25,Sunday
2016-09-26,Monday
2016-09-27,Tuesday
2016-09-28,Wednesday
2016-09-29,Thursday
2016-09-30,Friday
2016-10-01,Saturday
2016-10-02,Sunday
2016-10-03,Monday
2016-10-04,Tuesday
2016-10-05,Wednesday
2016-10-06,Thursday
2016-10-07,Friday
2016-10-08,Saturday
2016-10-09,Sunday
2016-10-10,Monday
2016-10-11,Tuesday
2016-10-12,Wednesday
2016-10-13,Thursday
2016-10-14,Friday
2016-10-15,Saturday
2016-10-16,Sunday
2016-10-17,Monday
2016-10-18,Tuesday
2016-10-19,Wednesday
2016-10-20,Thursday
2016-10-21,Friday
2016-10-22,Saturday
2016-10-23,Sunday
2016-10-24,Monday
2016-10-25,Tuesday
2016-10-26,Wednesday
2016-10-27,Thursday
2016-10-28,Friday
2016-10-29,Saturday
2016-10-30,Sunday
2016-10-31,Monday
2016-11-01,Tuesday
2016-11-02,Wednesday
2016-11-03,Thursday
2016-11-04,Friday
2016-11-05,Saturday
2016-11-06,Sunday
2016-11-07,Monday
2016-11-08,Tuesday
2016-11-09,Wednesday
2016-11-10,Thursday
2016-11-11,Friday
2016-11-12,Saturday
2016-11-13,Sunday
2016-11-14,Monday
2016-11-15,Tuesday
2016-11-16,Wednesday
2016-11-17,Thursday
2016-11-18,Friday
2016-11-19,Saturday
2016-11-20,Sunday
2016-11-21,Monday
2016-11-22,Tuesday
2016-11-23,Wednesday
2016-11-24,Thursday
2016-11-25,Friday
2016-11-26,Saturday
2016-11-27,Sunday
2016-11-28,Monday
2016-11-29,Tuesday
2016-11-30,Wednesday
2016-12-01,Thursday
2016-12-02,Friday
2016-12-03,Saturday
2016-12-04,Sunday
2016-12-05,Monday
2016-12-06,Tuesday
2016-12-07,Wednesday
2016-12-08,Thursday
2016-12-09,Friday
2016-12-10,Saturday
2016-12-11,Sunday
2016-12-12,Monday
2016-12-13,Tuesday
2016-12-14,Wednesday
2016-12-15,Thursday
2016-12-16,Friday
2016-12-17,Saturday
2016-12-18,Sunday
2016-12-19,Monday
2016-12-20,Tuesday
2016-12-21,Wednesday
2016-12-22,Thursday
2016-12-23,Friday
2016-12-24,Saturday
2016-12-25,Sunday
2016-12-26,Monday
2016-12-27,Tuesday
2016-12-28,Wednesday
2016-12-29,Thursday
2016-12-30,Friday
2016-12-31,Saturday
2017-01-01,Sunday
2017-01-02,Monday
2017-01-03,Tuesday
2017-01-04,Wednesday
2017-01-05,Thursday
2017-01-06,Friday
2017-01-07,Saturday
2017-01-08,Sunday
2017-01-09,Monday
2017-01-10,Tuesday
2017-01-11,Wednesday
2017-01-12,Thursday
2017-01-13,Friday
2017-01-14,Saturday
2017-01-15,Sunday
2017-01-16,Monday
2017-01-17,Tuesday
2017-01-18,Wednesday
2017-01-19,Thursday
2017-01-20,Friday
2017-01-21,Saturday
2017-01-22,Sunday
2017-01-23,Monday
2017-01-24,Tuesday
2017-01-25,Wednesday
2017-01-26,Thursday
2017-01-27,Friday
2017-01-28,Saturday
2017-01-29,Sunday
2017-01-30,Monday
2017-01-31,Tuesday
2017-02-01,Wednesday
2017-02-02,Thursday
2017-02-03,Friday
2017-02-04,Saturday
2017-02-05,Sunday
2017-02-06,Monday
2017-02-07,Tuesday
2017-02-08,Wednesday
2017-02-09,Thursday
2017-02-10,Friday
2017-02-11,Saturday
2017-02-12,Sunday
2017-02-13,Monday
2017-02-14,Tuesday
2017-02-15,Wednesday
2017-02-16,Thursday
2017-02-17,Friday
2017-02-18,Saturday
2017-02-19,Sunday
2017-02-20,Monday
2017-02-21,Tuesday
2017-02-22,Wednesday
2017-02-23,Thursday
2017-02-24,Friday
2017-02-25,Saturday
2017-02-26,Sunday
2017-02-27,Monday
2017-02-28,Tuesday
2017-03-01,Wednesday
2017-03-02,Thursday
2017-03-03,Friday
2017-03-04,Saturday
2017-03-05,Sunday
2017-03-06,Monday
2017-03-07,Tuesday
2017-03-08,Wednesday
2017-03-09,Thursday
2017-03-10,Friday
2017-03-11,Saturday
2017-03-12,Sunday
2017-03-13,Monday
2017-03-14,Tuesday
2017-03-15,Wednesday
2017-03-16,Thursday
2017-03-17,Friday
2017-03-18,Saturday
2017-03-19,Sunday
2017-03-20,Monday
2017-03-21,Tuesday
2017-03-22,Wednesday
2017-03-23,Thursday
2017-03-24,Friday
2017-03-25,Saturday
2017-03-26,Sunday
2017-03-27,Monday
2017-03-28,Tuesday
2017-03-29,Wednesday
2017-03-30,Thursday
2017-03-31,Friday
2017-04-01,Saturday
2017-04-02,Sunday
2017-04-03,Monday
2017-04-04,Tuesday
2017-04-05,Wednesday
2017-04-06,Thursday
2017-04-07,Friday
2017-04-08,Saturday
2017-04-09,Sunday
2017-04-10,Monday
2017-04-11,Tuesday
2017-04-12,Wednesday
2017-04-13,Thursday
2017-04-14,Friday
2017-04-15,Saturday
2017-04-16,Sunday
2017-04-17,Monday
2017-04-18,Tuesday
2017-04-19,Wednesday
2017-04-20,Thursday
2017-04-21,Friday
2017-04-22,Saturday
2017-04-23,Sunday
2017-04-24,Monday
2017-04-25,Tuesday
2017-04-26,Wednesday
2017-04-27,Thursday
2017-04-28,Friday
2017-04-29,Saturday
2017-04-30,Sunday
2017-05-01,Monday
2017-05-02,Tuesday
2017-05-03,Wednesday
2017-05-04,Thursday
2017-05-05,Friday
2017-05-06,Saturday
2017-05-07,Sunday
2017-05-08,Monday
2017-05-09,Tuesday
2017-05-10,Wednesday
2017-05-11,Thursday
2017-05-12,Friday
2017-05-13,Saturday
2017-05-14,Sunday
2017-05-15,Monday
2017-05-16,Tuesday
2017-05-17,Wednesday
2017-05-18,Thursday
2017-05-19,Friday
2017-05-20,Saturday
2017-05-21,Sunday
2017-05-22,Monday
2017-05-23,Tuesday
2017-05-24,Wednesday
2017-05-25,Thursday
2017-05-26,Friday
2017-05-27,Saturday
2017-05-28,Sunday
2017-05-29,Monday
2017-05-30,Tuesday
2017-05-31,Wednesday
2017-06-01,Thursday
2017-06-02,Friday
2017-06-03,Saturday
2017-06-04,Sunday
2017-06-05,Monday
2017-06-06,Tuesday
2017-06-07,Wednesday
2017-06-08,Thursday
2017-06-09,Friday
2017-06-10,Saturday
2017-06-11,Sunday
2017-06-12,Monday
2017-06-13,Tuesday
2017-06-14,Wednesday
2017-06-15,Thursday
2017-06-16,Friday
2017-06-17,Saturday
2017-06-18,Sunday
2017-06-19,Monday
2017-06-20,Tuesday
2017-06-21,Wednesday
2017-06-22,Thursday
2017-06-23,Friday
2017-06-24,Saturday
2017-06-25,Sunday
2017-06-26,Monday
2017-06-27,Tuesday
2017-06-28,Wednesday
2017-06-29,Thursday
2017-06-30,Friday
2017-07-01,Saturday
2017-07-02,Sunday
2017-07-03,Monday
2017-07-04,Tuesday
2017-07-05,Wednesday
2017-07-06,Thursday
2017-07-07,Friday
2017-07-08,Saturday
2017-07-09,Sunday
2017-07-10,Monday
2017-07-11,Tuesday
2017-07-12,Wednesday
2017-07-13,Thursday
2017-07-14,Friday
2017-07-15,Saturday
2017-07-16,Sunday
2017-07-17,Monday
2017-07-18,Tuesday
2017-07-19,Wednesday
2017-07-20,Thursday
2017-07-21,Friday
2017-07-22,Saturday
2017-07-23,Sunday
2017-07-24,Monday
2017-07-25,Tuesday
2017-07-26,Wednesday
2017-07-27,Thursday
2017-07-28,Friday
2017-07-29,Saturday
2017-07-30,Sunday
2017-07-31,Monday
2017-08-01,Tuesday
2017-08-02,Wednesday
2017-08-03,Thursday
2017-08-04,Friday
2017-08-05,Saturday
2017-08-06,Sunday
2017-08-07,Monday
2017-08-08,Tuesday
2017-08-09,Wednesday
2017-08-10,Thursday
2017-08-11,Friday
2017-08-12,Saturday
2017-08-13,Sunday
2017-08-14,Monday
2017-08-15,Tuesday
2017-08-16,Wednesday
2017-08-17,Thursday
2017-08-18,Friday
2017-08-19,Saturday
2017-08-20,Sunday
2017-08-21,Monday
2017-08-22,Tuesday
2017-08-23,Wednesday
2017-08-24,Thursday
2017-08-25,Friday
2017-08-26,Saturday
2017-08-27,Sunday
2017-08-28,Monday
2017-08-29,Tuesday
2017-08-30,Wednesday
2017-08-31,Thursday
2017-09-01,Friday
2017-09-02,Saturday
2017-09-03,Sunday
2017-09-04,Monday
2017-09-05,Tuesday
2017-09-06,Wednesday
2017-09-07,Thursday
2017-09-08,Friday
2017-09-09,Saturday
2017-09-10,Sunday
2017-09-11,Monday
2017-09-12,Tuesday
2017-09-13,Wednesday
2017-09-14,Thursday
2017-09-15,Friday
2017-09-16,Saturday
2017-09-17,Sunday
2017-09-18,Monday
2017-09-19,Tuesday
2017-09-20,Wednesday
2017-09-21,Thursday
2017-09-22,Friday
2017-09-23,Saturday
2017-09-24,Sunday
2017-09-25,Monday
2017-09-26,Tuesday
2017-09-27,Wednesday
2017-09-28,Thursday
2017-09-29,Friday
2017-09-30,Saturday
2017-10-01,Sunday
2017-10-02,Monday
2017-10-03,Tuesday
2017-10-04,Wednesday
2017-10-05,Thursday
2017-10-06,Friday
2017-10-07,Saturday
2017-10-08,Sunday
2017-10-09,Monday
2017-10-10,Tuesday
2017-10-11,Wednesday
2017-10-12,Thursday
2017-10-13,Friday
2017-10-14,Saturday
2017-10-15,Sunday
2017-10-16,Monday
2017-10-17,Tuesday
2017-10-18,Wednesday
2017-10-19,Thursday
2017-10-20,Friday
2017-10-21,Saturday
2017-10-22,Sunday
2017-10-23,Monday
2017-10-24,Tuesday
2017-10-25,Wednesday
2017-10-26,Thursday
2017-10-27,Friday
2017-10-28,Saturday
2017-10-29,Sunday
2017-10-30,Monday
2017-10-31,Tuesday
2017-11-01,Wednesday
2017-11-02,Thursday
2017-11-03,Friday
2017-11-04,Saturday
2017-11-05,Sunday
2017-11-06,Monday
2017-11-07,Tuesday
2017-11-08,Wednesday
2017-11-09,Thursday
2017-11-10,Friday
2017-11-11,Saturday
2017-11-12,Sunday
2017-11-13,Monday
2017-11-14,Tuesday
2017-11-15,Wednesday
2017-11-16,Thursday
2017-11-17,Friday
2017-11-18,Saturday
2017-11-19,Sunday
2017-11-20,Monday
2017-11-21,Tuesday
2017-11-22,Wednesday
2017-11-23,Thursday
2017-11-24,Friday
2017-11-25,Saturday
2017-11-26,Sunday
2017-11-27,Monday
2017-11-28,Tuesday
2017-11-29,Wednesday
2017-11-30,Thursday
2017-12-01,Friday
2017-12-02,Saturday
2017-12-03,Sunday
2017-12-04,Monday
2017-12-05,Tuesday
2017-12-06,Wednesday
2017-12-07,Thursday
2017-12-08,Friday
2017-12-09,Saturday
2017-12-10,Sunday
2017-12-11,Monday
2017-12-12,Tuesday
2017-12-13,Wednesday
2017-12-14,Thursday
2017-12-15,Friday
2017-12-16,Saturday
2017-12-17,Sunday
2017-12-18,Monday
2017-12-19,Tuesday
2017-12-20,Wednesday
2017-12-21,Thursday
2017-12-22,Friday
2017-12-23,Saturday
2017-12-24,Sunday
2017-12-25,Monday
2017-12-26,Tuesday
2017-12-27,Wednesday
2017-12-28,Thursday
2017-12-29,Friday
2017-12-30,Saturday
2017-12-31,Sunday
2018-01-01,Monday
2018-01-02,Tuesday
2018-01-03,Wednesday
2018-01-04,Thursday
2018-01-05,Friday
2018-01-06,Saturday
2018-01-07,Sunday
2018-01-08,Monday
2018-01-09,Tuesday
2018-01-10,Wednesday
2018-01-11,Thursday
2018-01-12,Friday
2018-01-13,Saturday
2018-01-14,Sunday
2018-01-15,Monday
2018-01-16,Tuesday
2018-01-17,Wednesday
2018-01-18,Thursday
2018-01-19,Friday
2018-01-20,Saturday
2018-01-21,Sunday
2018-01-22,Monday
2018-01-23,Tuesday
2018-01-24,Wednesday
2018-01-25,Thursday
2018-01-26,Friday
2018-01-27,Saturday
2018-01-28,Sunday
2018-01-29,Monday
2018-01-30,Tuesday
2018-01-31,Wednesday
2018-02-01,Thursday
2018-02-02,Friday
2018-02-03,Saturday
2018-02-04,Sunday
2018-02-05,Monday
2018-02-06,Tuesday
2018-02-07,Wednesday
2018-02-08,Thursday
2018-02-09,Friday
2018-02-10,Saturday
2018-02-11,Sunday
2018-02-12,Monday
2018-02-13,Tuesday
2018-02-14,Wednesday
2018-02-15,Thursday
2018-02-16,Friday
2018-02-17,Saturday
2018-02-18,Sunday
2018-02-19,Monday
2018-02-20,Tuesday
2018-02-21,Wednesday
2018-02-22,Thursday
2018-02-23,Friday
2018-02-24,Saturday
2018-02-25,Sunday
2018-02-26,Monday
2018-02-27,Tuesday
2018-02-28,Wednesday
2018-03-01,Thursday
2018-03-02,Friday
2018-03-03,Saturday
2018-03-04,Sunday
2018-03-05,Monday
2018-03-06,Tuesday
2018-03-07,Wednesday
2018-03-08,Thursday
2018-03-09,Friday
2018-03-10,Saturday
2018-03-11,Sunday
2018-03-12,Monday
2018-03-13,Tuesday
2018-03-14,Wednesday
2018-03-15,Thursday
2018-03-16,Friday
2018-03-17,Saturday
2018-03-18,Sunday
2018-03-19,Monday
2018-03-20,Tuesday
2018-03-21,Wednesday
2018-03-22,Thursday
2018-03-23,Friday
2018-03-24,Saturday
2018-03-25,Sunday
2018-03-26,Monday
2018-03-27,Tuesday
2018-03-28,Wednesday
2018-03-29,Thursday
2018-03-30,Friday
2018-03-31,Saturday
2018-04-01,Sunday
2018-04-02,Monday
2018-04-03,Tuesday
2018-04-04,Wednesday
2018-04-05,Thursday
2018-04-06,Friday
2018-04-07,Saturday
2018-04-08,Sunday
2018-04-09,Monday
2018-04-10,Tuesday
2018-04-11,Wednesday
2018-04-12,Thursday
2018-04-13,Friday
2018-04-14,Saturday
2018-04-15,Sunday
2018-04-16,Monday
2018-04-17,Tuesday
2018-04-18,Wednesday
2018-04-19,Thursday
2018-04-20,Friday
2018-04-21,Saturday
2018-04-22,Sunday
2018-04-23,Monday
2018-04-24,Tuesday
2018-04-25,Wednesday
2018-04-26,Thursday
2018-04-27,Friday
2018-04-28,Saturday
2018-04-29,Sunday
2018-04-30,Monday
2018-05-01,Tuesday
2018-05-02,Wednesday
2018-05-03,Thursday
2018-05-04,Friday
2018-05-05,Saturday
2018-05-06,Sunday
2018-05-07,Monday
2018-05-08,Tuesday
2018-05-09,Wednesday
2018-05-10,Thursday
2018-05-11,Friday
2018-05-12,Saturday
2018-05-13,Sunday
2018-05-14,Monday
2018-05-15,Tuesday
2018-05-16,Wednesday
2018-05-17,Thursday
2018-05-18,Friday
2018-05-19,Saturday
2018-05-20,Sunday
2018-05-21,Monday
2018-05-22,Tuesday
2018-05-23,Wednesday
2018-05-24,Thursday
2018-05-25,Friday
2018-05-26,Saturday
2018-05-27,Sunday
2018-05-28,Monday
2018-05-29,Tuesday
2018-05-30,Wednesday
2018-05-31,Thursday
2018-06-01,Friday
2018-06-02,Saturday
2018-06-03,Sunday
2018-06-04,Monday
2018-06-05,Tuesday
2018-06-06,Wednesday
2018-06-07,Thursday
2018-06-08,Friday
2018-06-09,Saturday
2018-06-10,Sunday
2018-06-11,Monday
2018-06-12,Tuesday
2018-06-13,Wednesday
2018-06-14,Thursday
2018-06-15,Friday
2018-06-16,Saturday
2018-06-17,Sunday
2018-06-18,Monday
2018-06-19,Tuesday
2018-06-20,Wednesday
2018-06-21,Thursday
2018-06-22,Friday
2018-06-23,Saturday
2018-06-24,Sunday
2018-06-25,Monday
2018-06-26,Tuesday
2018-06-27,Wednesday
2018-06-28,Thursday
2018-06-29,Friday
2018-06-30,Saturday
2018-07-01,Sunday
2018-07-02,Monday
2018-07-03,Tuesday
2018-07-04,Wednesday
2018-07-05,Thursday
2018-07-06,Friday
2018-07-07,Saturday
2018-07-08,Sunday
2018-07-09,Monday
2018-07-10,Tuesday
2018-07-11,Wednesday
2018-07-12,Thursday
2018-07-13,Friday
2018-07-14,Saturday
2018-07-15,Sunday
2018-07-16,Monday
2018-07-17,Tuesday
2018-07-18,Wednesday
2018-07-19,Thursday
2018-07-20,Friday
2018-07-21,Saturday
2018-07-22,Sunday
2018-07-23,Monday
2018-07-24,Tuesday
2018-07-25,Wednesday
2018-07-26,Thursday
2018-07-27,Friday
2018-07-28,Saturday
2018-07-29,Sunday
2018-07-30,Monday
2018-07-31,Tuesday
2018-08-01,Wednesday
2018-08-02,Thursday
2018-08-03,Friday
2018-08-04,Saturday
2018-08-05,Sunday
2018-08-06,Monday
2018-08-07,Tuesday
2018-08-08,Wednesday
2018-08-09,Thursday
2018-08-10,Friday
2018-08-11,Saturday
2018-08-12,Sunday
2018-08-13,Monday
2018-08-14,Tuesday
2018-08-15,Wednesday
2018-08-16,Thursday
2018-08-17,Friday
2018-08-18,Saturday
2018-08-19,Sunday
2018-08-20,Monday
2018-08-21,Tuesday
2018-08-22,Wednesday
2018-08-23,Thursday
2018-08-24,Friday
2018-08-25,Saturday
2018-08-26,Sunday
2018-08-27,Monday
2018-08-28,Tuesday
2018-08-29,Wednesday
2018-08-30,Thursday
2018-08-31,Friday
2018-09-01,Saturday
2018-09-02,Sunday
2018-09-03,Monday
2018-09-04,Tuesday
2018-09-05,Wednesday
2018-09-06,Thursday
2018-09-07,Friday
2018-09-08,Saturday
2018-09-09,Sunday
2018-09-10,Monday
2018-09-11,Tuesday
2018-09-12,Wednesday
2018-09-13,Thursday
2018-09-14,Friday
2018-09-15,Saturday
2018-09-16,Sunday
2018-09-17,Monday
2018-09-18,Tuesday
2018-09-19,Wednesday
2018-09-20,Thursday
2018-09-21,Friday
2018-09-22,Saturday
2018-09-23,Sunday
2018-09-24,Monday
2018-09-25,Tuesday
2018-09-26,Wednesday
2018-09-27,Thursday
2018-09-28,Friday
2018-09-29,Saturday
2018-09-30,Sunday
2018-10-01,Monday
2018-10-02,Tuesday
2018-10-03,Wednesday
2018-10-04,Thursday
2018-10-05,Friday
2018-10-06,Saturday
2018-10-07,Sunday
2018-10-08,Monday
2018-10-09,Tuesday
2018-10-10,Wednesday
2018-10-11,Thursday
2018-10-12,Friday
2018-10-13,Saturday
2018-10-14,Sunday
2018-10-15,Monday
2018-10-16,Tuesday
2018-10-17,Wednesday
2018-10-18,Thursday
2018-10-19,Friday
2018-10-20,Saturday
2018-10-21,Sunday
2018-10-22,Monday
2018-10-23,Tuesday
2018-10-24,Wednesday
2018-10-25,Thursday
2018-10-26,Friday
2018-10-27,Saturday
2018-10-28,Sunday
2018-10-29,Monday
2018-10-30,Tuesday
2018-10-31,Wednesday
2018-11-01,Thursday
2018-11-02,Friday
2018-11-03,Saturday
2018-11-04,Sunday
2018-11-05,Monday
2018-11-06,Tuesday
2018-11-07,Wednesday
2018-11-08,Thursday
2018-11-09,Friday
2018-11-10,Saturday
2018-11-11,Sunday
2018-11-12,Monday
2018-11-13,Tuesday
2018-11-14,Wednesday
2018-11-15,Thursday
2018-11-16,Friday
2018-11-17,Saturday
2018-11-18,Sunday
2018-11-19,Monday
2018-11-20,Tuesday
2018-11-21,Wednesday
2018-11-22,Thursday
2018-11-23,Friday
2018-11-24,Saturday
2018-11-25,Sunday
2018-11-26,Monday
2018-11-27,Tuesday
2018-11-28,Wednesday
2018-11-29,Thursday
2018-11-30,Friday
2018-12-01,Saturday
2018-12-02,Sunday
2018-12-03,Monday
2018-12-04,Tuesday
2018-12-05,Wednesday
2018-12-06,Thursday
2018-12-07,Friday
2018-12-08,Saturday
2018-12-09,Sunday
2018-12-10,Monday
2018-12-11,Tuesday
2018-12-12,Wednesday
2018-12-13,Thursday
2018-12-14,Friday
2018-12-15,Saturday
2018-12-16,Sunday
2018-12-17,Monday
2018-12-18,Tuesday
2018-12-19,Wednesday
2018-12-20,Thursday
2018-12-21,Friday
2018-12-22,Saturday
2018-12-23,Sunday
2018-12-24,Monday
2018-12-25,Tuesday
2018-12-26,Wednesday
2018-12-27,Thursday
2018-12-28,Friday
2018-12-29,Saturday
2018-12-30,Sunday
2018-12-31,Monday
2019-01-01,Tuesday
2019-01-02,Wednesday
2019-01-03,Thursday
2019-01-04,Friday
2019-01-05,Saturday
2019-01-06,Sunday
2019-01-07,Monday
2019-01-08,Tuesday
2019-01-09,Wednesday
2019-01-10,Thursday
2019-01-11,Friday
2019-01-12,Saturday
2019-01-13,Sunday
2019-01-14,Monday
2019-01-15,Tuesday
2019-01-16,Wednesday
2019-01-17,Thursday
2019-01-18,Friday
2019-01-19,Saturday
2019-01-20,Sunday
2019-01-21,Monday
2019-01-22,Tuesday
2019-01-23,Wednesday
2019-01-24,Thursday
2019-01-25,Friday
2019-01-26,Saturday
2019-01-27,Sunday
2019-01-28,Monday
2019-01-29,Tuesday
2019-01-30,Wednesday
2019-01-31,Thursday
2019-02-01,Friday
2019-02-02,Saturday
2019-02-03,Sunday
2019-02-04,Monday
2019-02-05,Tuesday
2019-02-06,Wednesday
2019-02-07,Thursday
2019-02-08,Friday
2019-02-09,Saturday
2019-02-10,Sunday
2019-02-11,Monday
2019-02-12,Tuesday
2019-02-13,Wednesday
2019-02-14,Thursday
2019-02-15,Friday
2019-02-16,Saturday
2019-02-17,Sunday
2019-02-18,Monday
2019-02-19,Tuesday
2019-02-20,Wednesday
2019-02-21,Thursday
2019-02-22,Friday
2019-02-23,Saturday
2019-02-24,Sunday
2019-02-25,Monday
2019-02-26,Tuesday
2019-02-27,Wednesday
2019-02-28,Thursday
2019-03-01,Friday
2019-03-02,Saturday
2019-03-03,Sunday
2019-03-04,Monday
2019-03-05,Tuesday
2019-03-06,Wednesday
2019-03-07,Thursday
2019-03-08,Friday
2019-03-09,Saturday
2019-03-10,Sunday
2019-03-11,Monday
2019-03-12,Tuesday
2019-03-13,Wednesday
2019-03-14,Thursday
2019-03-15,Friday
2019-03-16,Saturday
2019-03-17,Sunday
2019-03-18,Monday
2019-03-19,Tuesday
2019-03-20,Wednesday
2019-03-21,Thursday
2019-03-22,Friday
2019-03-23,Saturday
2019-03-24,Sunday
2019-03-25,Monday
2019-03-26,Tuesday
2019-03-27,Wednesday
2019-03-28,Thursday
2019-03-29,Friday
2019-03-30,Saturday
2019-03-31,Sunday
2019-04-01,Monday
2019-04-02,Tuesday
2019-04-03,Wednesday
2019-04-04,Thursday
2019-04-05,Friday
2019-04-06,Saturday
2019-04-07,Sunday
2019-04-08,Monday
2019-04-09,Tuesday
2019-04-10,Wednesday
2019-04-11,Thursday
2019-04-12,Friday
2019-04-13,Saturday
2019-04-14,Sunday
2019-04-15,Monday
2019-04-16,Tuesday
2019-04-17,Wednesday
2019-04-18,Thursday
2019-04-19,Friday
2019-04-20,Saturday
2019-04-21,Sunday
2019-04-22,Monday
2019-04-23,Tuesday
2019-04-24,Wednesday
2019-04-25,Thursday
2019-04-26,Friday
2019-04-27,Saturday
2019-04-28,Sunday
2019-04-29,Monday
2019-04-30,Tuesday
2019-05-01,Wednesday
2019-05-02,Thursday
2019-05-03,Friday
2019-05-04,Saturday
2019-05-05,Sunday
2019-05-06,Monday
2019-05-07,Tuesday
2019-05-08,Wednesday
2019-05-09,Thursday
2019-05-10,Friday
2019-05-11,Saturday
2019-05-12,Sunday
2019-05-13,Monday
2019-05-14,Tuesday
2019-05-15,Wednesday
2019-05-16,Thursday
2019-05-17,Friday
2019-05-18,Saturday
2019-05-19,Sunday
2019-05-20,Monday
2019-05-21,Tuesday
2019-05-22,Wednesday
2019-05-23,Thursday
2019-05-24,Friday
2019-05-25,Saturday
2019-05-26,Sunday
2019-05-27,Monday
2019-05-28,Tuesday
2019-05-29,Wednesday
2019-05-30,Thursday
2019-05-31,Friday
2019-06-01,Saturday
2019-06-02,Sunday
2019-06-03,Monday
2019-06-04,Tuesday
2019-06-05,Wednesday
2019-06-06,Thursday
2019-06-07,Friday
2019-06-08,Saturday
2019-06-09,Sunday
2019-06-10,Monday
2019-06-11,Tuesday
2019-06-12,Wednesday
2019-06-13,Thursday
2019-06-14,Friday
2019-06-15,Saturday
2019-06-16,Sunday
2019-06-17,Monday
2019-06-18,Tuesday
2019-06-19,Wednesday
2019-06-20,Thursday
2019-06-21,Friday
2019-06-22,Saturday
2019-06-23,Sunday
2019-06-24,Monday
2019-06-25,Tuesday
2019-06-26,Wednesday
2019-06-27,Thursday
2019-06-28,Friday
2019-06-29,Saturday
2019-06-30,Sunday
2019-07-01,Monday
2019-07-02,Tuesday
2019-07-03,Wednesday
2019-07-04,Thursday
2019-07-05,Friday
2019-07-06,Saturday
2019-07-07,Sunday
2019-07-08,Monday
2019-07-09,Tuesday
2019-07-10,Wednesday
2019-07-11,Thursday
2019-07-12,Friday
2019-07-13,Saturday
2019-07-14,Sunday
2019-07-15,Monday
2019-07-16,Tuesday
2019-07-17,Wednesday
2019-07-18,Thursday
2019-07-19,Friday
2019-07-20,Saturday
2019-07-21,Sunday
2019-07-22,Monday
2019-07-23,Tuesday
2019-07-24,Wednesday
2019-07-25,Thursday
2019-07-26,Friday
2019-07-27,Saturday
2019-07-28,Sunday
2019-07-29,Monday
2019-07-30,Tuesday
2019-07-31,Wednesday
2019-08-01,Thursday
2019-08-02,Friday
2019-08-03,Saturday
2019-08-04,Sunday
2019-08-05,Monday
2019-08-06,Tuesday
2019-08-07,Wednesday
2019-08-08,Thursday
2019-08-09,Friday
2019-08-10,Saturday
2019-08-11,Sunday
2019-08-12,Monday
2019-08-13,Tuesday
2019-08-14,Wednesday
2019-08-15,Thursday
2019-08-16,Friday
2019-08-17,Saturday
2019-08-18,Sunday
2019-08-19,Monday
2019-08-20,Tuesday
2019-08-21,Wednesday
2019-08-22,Thursday
2019-08-23,Friday
2019-08-24,Saturday
2019-08-25,Sunday
2019-08-26,Monday
2019-08-27,Tuesday
2019-08-28,Wednesday
2019-08-29,Thursday
2019-08-30,Friday
2019-08-31,Saturday
2019-09-01,Sunday
2019-09-02,Monday
2019-09-03,Tuesday
2019-09-04,Wednesday
2019-09-05,Thursday
2019-09-06,Friday
2019-09-07,Saturday
2019-09-08,Sunday
2019-09-09,Monday
2019-09-10,Tuesday
2019-09-11,Wednesday
2019-09-12,Thursday
2019-09-13,Friday
2019-09-14,Saturday
2019-09-15,Sunday
2019-09-16,Monday
2019-09-17,Tuesday
2019-09-18,Wednesday
2019-09-19,Thursday
2019-09-20,Friday
2019-09-21,Saturday
2019-09-22,Sunday
2019-09-23,Monday
2019-09-24,Tuesday
2019-09-25,Wednesday
2019-09-26,Thursday
2019-09-27,Friday
2019-09-28,Saturday
2019-09-29,Sunday
2019-09-30,Monday
2019-10-01,Tuesday
2019-10-02,Wednesday
2019-10-03,Thursday
2019-10-04,Friday
2019-10-05,Saturday
2019-10-06,Sunday
2019-10-07,Monday
2019-10-08,Tuesday
2019-10-09,Wednesday
2019-10-10,Thursday
2019-10-11,Friday
2019-10-12,Saturday
2019-10-13,Sunday
2019-10-14,Monday
2019-10-15,Tuesday
2019-10-16,Wednesday
2019-10-17,Thursday
2019-10-18,Friday
2019-10-19,Saturday
2019-10-20,Sunday
2019-10-21,Monday
2019-10-22,Tuesday
2019-10-23,Wednesday
2019-10-24,Thursday
2019-10-25,Friday
2019-10-26,Saturday
2019-10-27,Sunday
2019-10-28,Monday
2019-10-29,Tuesday
2019-10-30,Wednesday
2019-10-31,Thursday
2019-11-01,Friday
2019-11-02,Saturday
2019-11-03,Sunday
2019-11-04,Monday
2019-11-05,Tuesday
2019-11-06,Wednesday
2019-11-07,Thursday
2019-11-08,Friday
2019-11-09,Saturday
2019-11-10,Sunday
2019-11-11,Monday
2019-11-12,Tuesday
2019-11-13,Wednesday
2019-11-14,Thursday
2019-11-15,Friday
2019-11-16,Saturday
2019-11-17,Sunday
2019-11-18,Monday
2019-11-19,Tuesday
2019-11-20,Wednesday
2019-11-21,Thursday
2019-11-22,Friday
2019-11-23,Saturday
2019-11-24,Sunday
2019-11-25,Monday
2019-11-26,Tuesday
2019-11-27,Wednesday
2019-11-28,Thursday
2019-11-29,Friday
2019-11-30,Saturday
2019-12-01,Sunday
2019-12-02,Monday
2019-12-03,Tuesday
2019-12-04,Wednesday
2019-12-05,Thursday
2019-12-06,Friday
2019-12-07,Saturday
2019-12-08,Sunday
2019-12-09,Monday
2019-12-10,Tuesday
2019-12-11,Wednesday
2019-12-12,Thursday
2019-12-13,Friday
2019-12-14,Saturday
2019-12-15,Sunday
2019-12-16,Monday
2019-12-17,Tuesday
2019-12-18,Wednesday
2019-12-19,Thursday
2019-12-20,Friday
2019-12-21,Saturday
2019-12-22,Sunday
2019-12-23,Monday
2019-12-24,Tuesday
2019-12-25,Wednesday
2019-12-26,Thursday
2019-12-27,Friday
2019-12-28,Saturday
2019-12-29,Sunday
2019-12-30,Monday
2019-12-31,Tuesday
2020-01-01,Wednesday
2020-01-02,Thursday
2020-01-03,Friday
2020-01-04,Saturday
2020-01-05,Sunday
2020-01-06,Monday
2020-01-07,Tuesday
2020-01-08,Wednesday
2020-01-09,Thursday
2020-01-10,Friday
2020-01-11,Saturday
2020-01-12,Sunday
2020-01-13,Monday
2020-01-14,Tuesday
2020-01-15,Wednesday
2020-01-16,Thursday
2020-01-17,Friday
2020-01-18,Saturday
2020-01-19,Sunday
2020-01-20,Monday
2020-01-21,Tuesday
2020-01-22,Wednesday
2020-01-23,Thursday
2020-01-24,Friday
2020-01-25,Saturday
2020-01-26,Sunday
2020-01-27,Monday
2020-01-28,Tuesday
2020-01-29,Wednesday
2020-01-30,Thursday
2020-01-31,Friday
2020-02-01,Saturday
2020-02-02,Sunday
2020-02-03,Monday
2020-02-04,Tuesday
2020-02-05,Wednesday
2020-02-06,Thursday
2020-02-07,Friday
2020-02-08,Saturday
2020-02-09,Sunday
2020-02-10,Monday
2020-02-11,Tuesday
2020-02-12,Wednesday
2020-02-13,Thursday
2020-02-14,Friday
2020-02-15,Saturday
2020-02-16,Sunday
2020-02-17,Monday
2020-02-18,Tuesday
2020-02-19,Wednesday
2020-02-20,Thursday
2020-02-21,Friday
2020-02-22,Saturday
2020-02-23,Sunday
2020-02-24,Monday
2020-02-25,Tuesday
2020-02-26,Wednesday
2020-02-27,Thursday
2020-02-28,Friday
2020-02-29,Saturday
2020-03-01,Sunday
2020-03-02,Monday
2020-03-03,Tuesday
2020-03-04,Wednesday
2020-03-05,Thursday
2020-03-06,Friday
2020-03-07,Saturday
2020-03-08,Sunday
2020-03-09,Monday
2020-03-10,Tuesday
2020-03-11,Wednesday
2020-03-12,Thursday
2020-03-13,Friday
2020-03-14,Saturday
2020-03-15,Sunday
2020-03-16,Monday
2020-03-17,Tuesday
2020-03-18,Wednesday
2020-03-19,Thursday
2020-03-20,Friday
2020-03-21,Saturday
2020-03-22,Sunday
2020-03-23,Monday
2020-03-24,Tuesday
2020-03-25,Wednesday
2020-03-26,Thursday
2020-03-27,Friday
2020-03-28,Saturday
2020-03-29,Sunday
2020-03-30,Monday
2020-03-31,Tuesday
2020-04-01,Wednesday
2020-04-02,Thursday
2020-04-03,Friday
2020-04-04,Saturday
2020-04-05,Sunday
2020-04-06,Monday
2020-04-07,Tuesday
2020-04-08,Wednesday
2020-04-09,Thursday
2020-04-10,Friday
2020-04-11,Saturday
2020-04-12,Sunday
2020-04-13,Monday
2020-04-14,Tuesday
2020-04-15,Wednesday
2020-04-16,Thursday
2020-04-17,Friday
2020-04-18,Saturday
2020-04-19,Sunday
2020-04-20,Monday
2020-04-21,Tuesday
2020-04-22,Wednesday
2020-04-23,Thursday
2020-04-24,Friday
2020-04-25,Saturday
2020-04-26,Sunday
2020-04-27,Monday
2020-04-28,Tuesday
2020-04-29,Wednesday
2020-04-30,Thursday
2020-05-01,Friday
2020-05-02,Saturday
2020-05-03,Sunday
2020-05-04,Monday
2020-05-05,Tuesday
2020-05-06,Wednesday
2020-05-07,Thursday
2020-05-08,Friday
2020-05-09,Saturday
2020-05-10,Sunday
2020-05-11,Monday
2020-05-12,Tuesday
2020-05-13,Wednesday
2020-05-14,Thursday
2020-05-15,Friday
2020-05-16,Saturday
2020-05-17,Sunday
2020-05-18,Monday
2020-05-19,Tuesday
2020-05-20,Wednesday
2020-05-21,Thursday
2020-05-22,Friday
2020-05-23,Saturday
2020-05-24,Sunday
2020-05-25,Monday
2020-05-26,Tuesday
2020-05-27,Wednesday
2020-05-28,Thursday
2020-05-29,Friday
2020-05-30,Saturday
2020-05-31,Sunday
2020-06-01,Monday
2020-06-02,Tuesday
2020-06-03,Wednesday
2020-06-04,Thursday
2020-06-05,Friday
2020-06-06,Saturday
2020-06-07,Sunday
2020-06-08,Monday
2020-06-09,Tuesday
2020-06-10,Wednesday
2020-06-11,Thursday
2020-06-12,Friday
2020-06-13,Saturday
2020-06-14,Sunday
2020-06-15,Monday
2020-06-16,Tuesday
2020-06-17,Wednesday
2020-06-18,Thursday
2020-06-19,Friday
2020-06-20,Saturday
2020-06-21,Sunday
2020-06-22,Monday
2020-06-23,Tuesday
2020-06-24,Wednesday
2020-06-25,Thursday
2020-06-26,Friday
2020-06-27,Saturday
2020-06-28,Sunday
2020-06-29,Monday
2020-06-30,Tuesday
2020-07-01,Wednesday
2020-07-02,Thursday
2020-07-03,Friday
2020-07-04,Saturday
2020-07-05,Sunday
2020-07-06,Monday
2020-07-07,Tuesday
2020-07-08,Wednesday
2020-07-09,Thursday
2020-07-10,Friday
2020-07-11,Saturday
2020-07-12,Sunday
2020-07-13,Monday
2020-07-14,Tuesday
2020-07-15,Wednesday
2020-07-16,Thursday
2020-07-17,Friday
2020-07-18,Saturday
2020-07-19,Sunday
2020-07-20,Monday
2020-07-21,Tuesday
2020-07-22,Wednesday
2020-07-23,Thursday
2020-07-24,Friday
2020-07-25,Saturday
2020-07-26,Sunday
2020-07-27,Monday
2020-07-28,Tuesday
2020-07-29,Wednesday
2020-07-30,Thursday
2020-07-31,Friday
2020-08-01,Saturday
2020-08-02,Sunday
2020-08-03,Monday
2020-08-04,Tuesday
2020-08-05,Wednesday
2020-08-06,Thursday
2020-08-07,Friday
2020-08-08,Saturday
2020-08-09,Sunday
2020-08-10,Monday
2020-08-11,Tuesday
2020-08-12,Wednesday
2020-08-13,Thursday
2020-08-14,Friday
2020-08-15,Saturday
2020-08-16,Sunday
2020-08-17,Monday
2020-08-18,Tuesday
2020-08-19,Wednesday
2020-08-20,Thursday
2020-08-21,Friday
2020-08-22,Saturday
2020-08-23,Sunday
2020-08-24,Monday
2020-08-25,Tuesday
2020-08-26,Wednesday
2020-08-27,Thursday
2020-08-28,Friday
2020-08-29,Saturday
2020-08-30,Sunday
2020-08-31,Monday
2020-09-01,Tuesday
2020-09-02,Wednesday
2020-09-03,Thursday
2020-09-04,Friday
2020-09-05,Saturday
2020-09-06,Sunday
2020-09-07,Monday
2020-09-08,Tuesday
2020-09-09,Wednesday
2020-09-10,Thursday
2020-09-11,Friday
2020-09-12,Saturday
2020-09-13,Sunday
2020-09-14,Monday
2020-09-15,Tuesday
2020-09-16,Wednesday
2020-09-17,Thursday
2020-09-18,Friday
2020-09-19,Saturday
2020-09-20,Sunday
2020-09-21,Monday
2020-09-22,Tuesday
2020-09-23,Wednesday
2020-09-24,Thursday
2020-09-25,Friday
2020-09-26,Saturday
2020-09-27,Sunday
2020-09-28,Monday
2020-09-29,Tuesday
2020-09-30,Wednesday
2020-10-01,Thursday
2020-10-02,Friday
2020-10-03,Saturday
2020-10-04,Sunday
2020-10-05,Monday
2020-10-06,Tuesday
2020-10-07,Wednesday
2020-10-08,Thursday
2020-10-09,Friday
2020-10-10,Saturday
2020-10-11,Sunday
2020-10-12,Monday
2020-10-13,Tuesday
2020-10-14,Wednesday
2020-10-15,Thursday
2020-10-16,Friday
2020-10-17,Saturday
2020-10-18,Sunday
2020-10-19,Monday
2020-10-20,Tuesday
2020-10-21,Wednesday
2020-10-22,Thursday
2020-10-23,Friday
2020-10-24,Saturday
2020-10-25,Sunday
2020-10-26,Monday
2020-10-27,Tuesday
2020-10-28,Wednesday
2020-10-29,Thursday
2020-10-30,Friday
2020-10-31,Saturday
2020-11-01,Sunday
2020-11-02,Monday
2020-11-03,Tuesday
2020-11-04,Wednesday
2020-11-05,Thursday
2020-11-06,Friday
2020-11-07,Saturday
2020-11-08,Sunday
2020-11-09,Monday
2020-11-10,Tuesday
2020-11-11,Wednesday
2020-11-12,Thursday
2020-11-13,Friday
2020-11-14,Saturday
2020-11-15,Sunday
2020-11-16,Monday
2020-11-17,Tuesday
2020-11-18,Wednesday
2020-11-19,Thursday
2020-11-20,Friday
2020-11-21,Saturday
2020-11-22,Sunday
2020-11-23,Monday
2020-11-24,Tuesday
2020-11-25,Wednesday
2020-11-26,Thursday
2020-11-27,Friday
2020-11-28,Saturday
2020-11-29,Sunday
2020-11-30,Monday
2020-12-01,Tuesday
2020-12-02,Wednesday
2020-12-03,Thursday
2020-12-04,Friday
2020-12-05,Saturday
2020-12-06,Sunday
2020-12-07,Monday
2020-12-08,Tuesday
2020-12-09,Wednesday
2020-12-10,Thursday
2020-12-11,Friday
2020-12-12,Saturday
2020-12-13,Sunday
2020-12-14,Monday
2020-12-15,Tuesday
2020-12-16,Wednesday
2020-12-17,Thursday
2020-12-18,Friday
2020-12-19,Saturday
2020-12-20,Sunday
2020-12-21,Monday
2020-12-22,Tuesday
2020-12-23,Wednesday
2020-12-24,Thursday
2020-12-25,Friday
2020-12-26,Saturday
2020-12-27,Sunday
2020-12-28,Monday
2020-12-29,Tuesday
2020-12-30,Wednesday
2020-12-31,Thursday
2021-01-01,Friday
2021-01-02,Saturday
2021-01-03,Sunday
2021-01-04,Monday
2021-01-05,Tuesday
2021-01-06,Wednesday
2021-01-07,Thursday
2021-01-08,Friday
2021-01-09,Saturday
2021-01-10,Sunday
2021-01-11,Monday
2021-01-12,Tuesday
2021-01-13,Wednesday
2021-01-14,Thursday
2021-01-15,Friday
2021-01-16,Saturday
2021-01-17,Sunday
2021-01-18,Monday
2021-01-19,Tuesday
2021-01-20,Wednesday
2021-01-21,Thursday
2021-01-22,Friday
2021-01-23,Saturday
2021-01-24,Sunday
2021-01-25,Monday
2021-01-26,Tuesday
2021-01-27,Wednesday
2021-01-28,Thursday
2021-01-29,Friday
2021-01-30,Saturday
2021-01-31,Sunday
2021-02-01,Monday
2021-02-02,Tuesday
2021-02-03,Wednesday
2021-02-04,Thursday
2021-02-05,Friday
2021-02-06,Saturday
2021-02-07,Sunday
2021-02-08,Monday
2021-02-09,Tuesday
2021-02-10,Wednesday
2021-02-11,Thursday
2021-02-12,Friday
2021-02-13,Saturday
2021-02-14,Sunday
2021-02-15,Monday
2021-02-16,Tuesday
2021-02-17,Wednesday
2021-02-18,Thursday
2021-02-19,Friday
2021-02-20,Saturday
2021-02-21,Sunday
2021-02-22,Monday
2021-02-23,Tuesday
2021-02-24,Wednesday
2021-02-25,Thursday
2021-02-26,Friday
2021-02-27,Saturday
2021-02-28,Sunday
2021-03-01,Monday
2021-03-02,Tuesday
2021-03-03,Wednesday
2021-03-04,Thursday
2021-03-05,Friday
2021-03-06,Saturday
2021-03-07,Sunday
2021-03-08,Monday
2021-03-09,Tuesday
2021-03-10,Wednesday
2021-03-11,Thursday
2021-03-12,Friday
2021-03-13,Saturday
2021-03-14,Sunday
2021-03-15,Monday
2021-03-16,Tuesday
2021-03-17,Wednesday
2021-03-18,Thursday
2021-03-19,Friday
2021-03-20,Saturday
2021-03-21,Sunday
2021-03-22,Monday
2021-03-23,Tuesday
2021-03-24,Wednesday
2021-03-25,Thursday
2021-03-26,Friday
2021-03-27,Saturday
2021-03-28,Sunday
2021-03-29,Monday
2021-03-30,Tuesday
2021-03-31,Wednesday
2021-04-01,Thursday
2021-04-02,Friday
2021-04-03,Saturday
2021-04-04,Sunday
2021-04-05,Monday
2021-04-06,Tuesday
2021-04-07,Wednesday
2021-04-08,Thursday
2021-04-09,Friday
2021-04-10,Saturday
2021-04-11,Sunday
2021-04-12,Monday
2021-04-13,Tuesday
2021-04-14,Wednesday
2021-04-15,Thursday
2021-04-16,Friday
2021-04-17,Saturday
2021-04-18,Sunday
2021-04-19,Monday
2021-04-20,Tuesday
2021-04-21,Wednesday
2021-04-22,Thursday
2021-04-23,Friday
2021-04-24,Saturday
2021-04-25,Sunday
2021-04-26,Monday
2021-04-27,Tuesday
2021-04-28,Wednesday
2021-04-29,Thursday
2021-04-30,Friday
2021-05-01,Saturday
2021-05-02,Sunday
2021-05-03,Monday
2021-05-04,Tuesday
2021-05-05,Wednesday
2021-05-06,Thursday
2021-05-07,Friday
2021-05-08,Saturday
2021-05-09,Sunday
2021-05-10,Monday
2021-05-11,Tuesday
2021-05-12,Wednesday
2021-05-13,Thursday
2021-05-14,Friday
2021-05-15,Saturday
2021-05-16,Sunday
2021-05-17,Monday
2021-05-18,Tuesday
2021-05-19,Wednesday
2021-05-20,Thursday
2021-05-21,Friday
2021-05-22,Saturday
2021-05-23,Sunday
2021-05-24,Monday
2021-05-25,Tuesday
2021-05-26,Wednesday
2021-05-27,Thursday
2021-05-28,Friday
2021-05-29,Saturday
2021-05-30,Sunday
2021-05-31,Monday
2021-06-01,Tuesday
2021-06-02,Wednesday
2021-06-03,Thursday
2021-06-04,Friday
2021-06-05,Saturday
2021-06-06,Sunday
2021-06-07,Monday
2021-06-08,Tuesday
2021-06-09,Wednesday
2021-06-10,Thursday
2021-06-11,Friday
2021-06-12,Saturday
2021-06-13,Sunday
2021-06-14,Monday
2021-06-15,Tuesday
2021-06-16,Wednesday
2021-06-17,Thursday
2021-06-18,Friday
2021-06-19,Saturday
2021-06-20,Sunday
2021-06-21,Monday
2021-06-22,Tuesday
2021-06-23,Wednesday
2021-06-24,Thursday
2021-06-25,Friday
2021-06-26,Saturday
2021-06-27,Sunday
2021-06-28,Monday
2021-06-29,Tuesday
2021-06-30,Wednesday
2021-07-01,Thursday
2021-07-02,Friday
2021-07-03,Saturday
2021-07-04,Sunday
2021-07-05,Monday
2021-07-06,Tuesday
2021-07-07,Wednesday
2021-07-08,Thursday
2021-07-09,Friday
2021-07-10,Saturday
2021-07-11,Sunday
2021-07-12,Monday
2021-07-13,Tuesday
2021-07-14,Wednesday
2021-07-15,Thursday
2021-07-16,Friday
2021-07-17,Saturday
2021-07-18,Sunday
2021-07-19,Monday
2021-07-20,Tuesday
2021-07-21,Wednesday
2021-07-22,Thursday
2021-07-23,Friday
2021-07-24,Saturday
2021-07-25,Sunday
2021-07-26,Monday
2021-07-27,Tuesday
2021-07-28,Wednesday
2021-07-29,Thursday
2021-07-30,Friday
2021-07-31,Saturday
2021-08-01,Sunday
2021-08-02,Monday
2021-08-03,Tuesday
2021-08-04,Wednesday
2021-08-05,Thursday
2021-08-06,Friday
2021-08-07,Saturday
2021-08-08,Sunday
2021-08-09,Monday
2021-08-10,Tuesday
2021-08-11,Wednesday
2021-08-12,Thursday
2021-08-13,Friday
2021-08-14,Saturday
2021-08-15,Sunday
2021-08-16,Monday
2021-08-17,Tuesday
2021-08-18,Wednesday
2021-08-19,Thursday
2021-08-20,Friday
2021-08-21,Saturday
2021-08-22,Sunday
2021-08-23,Monday
2021-08-24,Tuesday
2021-08-25,Wednesday
2021-08-26,Thursday
2021-08-27,Friday
2021-08-28,Saturday
2021-08-29,Sunday
2021-08-30,Monday
2021-08-31,Tuesday
2021-09-01,Wednesday
2021-09-02,Thursday
2021-09-03,Friday
2021-09-04,Saturday
2021-09-05,Sunday
2021-09-06,Monday
2021-09-07,Tuesday
2021-09-08,Wednesday
2021-09-09,Thursday
2021-09-10,Friday
2021-09-11,Saturday
2021-09-12,Sunday
2021-09-13,Monday
2021-09-14,Tuesday
2021-09-15,Wednesday
2021-09-16,Thursday
2021-09-17,Friday
2021-09-18,Saturday
2021-09-19,Sunday
2021-09-20,Monday
2021-09-21,Tuesday
2021-09-22,Wednesday
2021-09-23,Thursday
2021-09-24,Friday
2021-09-25,Saturday
2021-09-26,Sunday
2021-09-27,Monday
2021-09-28,Tuesday
2021-09-29,Wednesday
2021-09-30,Thursday
2021-10-01,Friday
2021-10-02,Saturday
2021-10-03,Sunday
2021-10-04,Monday
2021-10-05,Tuesday
2021-10-06,Wednesday
2021-10-07,Thursday
2021-10-08,Friday
2021-10-09,Saturday
2021-10-10,Sunday
2021-10-11,Monday
2021-10-12,Tuesday
2021-10-13,Wednesday
2021-10-14,Thursday
2021-10-15,Friday
2021-10-16,Saturday
2021-10-17,Sunday
2021-10-18,Monday
2021-10-19,Tuesday
2021-10-20,Wednesday
2021-10-21,Thursday
2021-10-22,Friday
2021-10-23,Saturday
2021-10-24,Sunday
2021-10-25,Monday
2021-10-26,Tuesday
2021-10-27,Wednesday
2021-10-28,Thursday
2021-10-29,Friday
2021-10-30,Saturday
2021-10-31,Sunday
2021-11-01,Monday
2021-11-02,Tuesday
2021-11-03,Wednesday
2021-11-04,Thursday
2021-11-05,Friday
2021-11-06,Saturday
2021-11-07,Sunday
2021-11-08,Monday
2021-11-09,Tuesday
2021-11-10,Wednesday
2021-11-11,Thursday
2021-11-12,Friday
2021-11-13,Saturday
2021-11-14,Sunday
2021-11-15,Monday
2021-11-16,Tuesday
2021-11-17,Wednesday
2021-11-18,Thursday
2021-11-19,Friday
2021-11-20,Saturday
2021-11-21,Sunday
2021-11-22,Monday
2021-11-23,Tuesday
2021-11-24,Wednesday
2021-11-25,Thursday
2021-11-26,Friday
2021-11-27,Saturday
2021-11-28,Sunday
2021-11-29,Monday
2021-11-30,Tuesday
2021-12-01,Wednesday
2021-12-02,Thursday
2021-12-03,Friday
2021-12-04,Saturday
2021-12-05,Sunday
2021-12-06,Monday
2021-12-07,Tuesday
2021-12-08,Wednesday
2021-12-09,Thursday
2021-12-10,Friday
2021-12-11,Saturday
2021-12-12,Sunday
2021-12-13,Monday
2021-12-14,Tuesday
2021-12-15,Wednesday
2021-12-16,Thursday
2021-12-17,Friday
2021-12-18,Saturday
2021-12-19,Sunday
2021-12-20,Monday
2021-12-21,Tuesday
2021-12-22,Wednesday
2021-12-23,Thursday
2021-12-24,Friday
2021-12-25,Saturday
2021-12-26,Sunday
2021-12-27,Monday
2021-12-28,Tuesday
2021-12-29,Wednesday
2021-12-30,Thursday
2021-12-31,Friday
2022-01-01,Saturday
2022-01-02,Sunday
2022-01-03,Monday
2022-01-04,Tuesday
2022-01-05,Wednesday
2022-01-06,Thursday
2022-01-07,Friday
2022-01-08,Saturday
2022-01-09,Sunday
2022-01-10,Monday
2022-01-11,Tuesday
2022-01-12,Wednesday
2022-01-13,Thursday
2022-01-14,Friday
2022-01-15,Saturday
2022-01-16,Sunday
2022-01-17,Monday
2022-01-18,Tuesday
2022-01-19,Wednesday
2022-01-20,Thursday
2022-01-21,Friday
2022-01-22,Saturday
2022-01-23,Sunday
2022-01-24,Monday
2022-01-25,Tuesday
2022-01-26,Wednesday
2022-01-27,Thursday
2022-01-28,Friday
2022-01-29,Saturday
2022-01-30,Sunday
2022-01-31,Monday
2022-02-01,Tuesday
2022-02-02,Wednesday
2022-02-03,Thursday
2022-02-04,Friday
2022-02-05,Saturday
2022-02-06,Sunday
2022-02-07,Monday
2022-02-08,Tuesday
2022-02-09,Wednesday
2022-02-10,Thursday
2022-02-11,Friday
2022-02-12,Saturday
2022-02-13,Sunday
2022-02-14,Monday
2022-02-15,Tuesday
2022-02-16,Wednesday
2022-02-17,Thursday
2022-02-18,Friday
2022-02-19,Saturday
2022-02-20,Sunday
2022-02-21,Monday
2022-02-22,Tuesday
2022-02-23,Wednesday
2022-02-24,Thursday
2022-02-25,Friday
2022-02-26,Saturday
2022-02-27,Sunday
2022-02-28,Monday
2022-03-01,Tuesday
2022-03-02,Wednesday
2022-03-03,Thursday
2022-03-04,Friday
2022-03-05,Saturday
2022-03-06,Sunday
2022-03-07,Monday
2022-03-08,Tuesday
2022-03-09,Wednesday
2022-03-10,Thursday
2022-03-11,Friday
2022-03-12,Saturday
2022-03-13,Sunday
2022-03-14,Monday
2022-03-15,Tuesday
2022-03-16,Wednesday
2022-03-17,Thursday
2022-03-18,Friday
2022-03-19,Saturday
2022-03-20,Sunday
2022-03-21,Monday
2022-03-22,Tuesday
2022-03-23,Wednesday
2022-03-24,Thursday
2022-03-25,Friday
2022-03-26,Saturday
2022-03-27,Sunday
2022-03-28,Monday
2022-03-29,Tuesday
2022-03-30,Wednesday
2022-03-31,Thursday
2022-04-01,Friday
2022-04-02,Saturday
2022-04-03,Sunday
2022-04-04,Monday
2022-04-05,Tuesday
2022-04-06,Wednesday
2022-04-07,Thursday
2022-04-08,Friday
2022-04-09,Saturday
